Core java : 
	
	basics : 
			oprtatorr,: Ass , COnd , bit , logic 
			 Data Types , Statemnets , looing , jumpinmg 
	oops
		:Class and Object 
		: Inheritance : Single , Multi , Multple , Hibrid , Hyrichy 
		: Polymorphis  : run / compil time 
		: Encupulation  : Hinding data into single unit 
		: Abastraction  : Hinding the implememntaion 


	Exception Handle :
			Checked  / compile / static 
			Uncgheck  / run  /d ynimic binding 
	Mullty Threading :
				Thread 
				Runnaable :
	collection 
					Collection 					Collections 
				LIST 				SET 						MAP 

				ArrayLIST 			Linked hashSet 					Likedhashmap 
				LINKED LIST 		hashSet 						HashMap
				vector 			TreeSet						Treemap 
					Stack 									hashTable 

						Compable , COmprator 


	Data Strurectur:
					LIST , SET , QUEE<, 
	JUNIT  : Makito :
					Execpt , actrual
	Git :
					init , add , push , pull , maerge , Clone , stach , stage , branch 



	Maven :
					
				java 

		J2SE
		J2EE
		J2ME

Phase 2  : 
		SQL 
		JDBC 
		J2EE
			Servlet 	
			JSP 

		Spring 
			core 
			Hibernate 
			MVC 
								

					J2EE : 
							www.facebook.com
							www.gamil.com
							www,.youtube.com



Full Stack : 						MEAN 								MERN  		


Front End 

	HTML 
	CSS
	JS 							Angualr .JS 						React .js 			

			
MiddelWarew 
		java 						Express.Js 								Express.Js 

		Python 
		.net 
	
	Server : tomcat  						Node.js							Node.js			
back End 

	MySQL 						MongoDB							`MongoDB
	oracle 




html 
css
java and 
	js  : 		Angaulr.js 
				react.js 
				node.js
				express.js 
				viw.js 
				bACKBON.JS 
				VENNILLA, JS 
				Ember. js. ..
				






java : Server side

js : clinet + server 


Oracle 

MYSQL 


create databases batch6

use batch6

show tables 
create table Emp(id int(5),Name varchar(10),Age int(2) ,desig varchar(10));
select * from emp;
 desc emp;
select * from emp;

insert into emp values(100,"Thanesh",25,"Dev");
 insert into emp values(200,"Ramesh",35,"Manager");



update emp set desig='Lead' where name='Thanesh';
 update emp set desig='Lead',age=26 where name='Thanesh';

> delete from emp where desig='Tester';
 delete from emp where id=300;



Create 
update
delete 
insert 


alter table emp Add(PAN number(6),AADAR number(4));
alter table emp drop(PIN);
alter table emp modify (age number(3));
alter table emp rename column id to Aid;

rename emp to employee;

Select 
truncate table emp;// it will dleete all the in recored in the  table but not table structure only recored 

drop table emp;






SQL> create user suresh identified by tiger;

User created.

SQL> connect suresh/tiger;
ERROR:
ORA-01045: user SURESH lacks CREATE SESSION privilege; logon denied


Warning: You are no longer connected to ORACLE.
SQL> connect system/tiger;
Connected.
SQL> grant CREATE SESSION privilege to suresh;
grant CREATE SESSION privilege to suresh
      *
ERROR at line 1:
ORA-00990: missing or invalid privilege


SQL> grant on  CREATE SESSION privilege to suresh;
grant on  CREATE SESSION privilege to suresh
      *
ERROR at line 1:
ORA-00990: missing or invalid privilege


SQL> grant CREATE SESSION privilege on suresh;
grant CREATE SESSION privilege on suresh
      *
ERROR at line 1:
ORA-00990: missing or invalid privilege


SQL> grant CREATE SESSION to suresh;

Grant succeeded.

SQL> connect suresh/tiger;
Connected.
SQL> select * from emp;
select * from emp
              *
ERROR at line 1:
ORA-00942: table or view does not exist


SQL> select * from system.emp;
select * from system.emp
                     *
ERROR at line 1:
ORA-00942: table or view does not exist


SQL> connect system/tiger;
Connected.
SQL> grant select on emp to suuresh;
grant select on emp to suuresh
                       *
ERROR at line 1:
ORA-01917: user or role 'SUURESH' does not exist


SQL> grant select on emp to suresh;

Grant succeeded.

SQL> connect suresh/tiger;
Connected.
SQL> select * from system.emp;

        ID NAME              AGE     SALARY DESIG   PAN
---------- ---------- ---------- ---------- ------- ------
       900 Abi                35      25001 Clerk   V334
       300 Bindu              35      25001 Dev     AV
       400 Bindu              35      25001 Dev     AVW
       500 Abi                35      25001 Dev     VWD14
       600 Suresh             35      25001 Dev     VqD14
       700 Pravin             35      25001 Clerk   W334

6 rows selected.

SQL> delete from system.emp where id = 300;
delete from system.emp where id = 300
                   *
ERROR at line 1:
ORA-01031: insufficient privileges


SQL> connect system/tiger;
Connected.
SQL> grant select,delete on emp to suresh;

Grant succeeded.

SQL> connect suresh/tiger;
Connected.
SQL> select * from system.emp;

        ID NAME              AGE     SALARY DESIG   PAN
---------- ---------- ---------- ---------- ------- ------
       900 Abi                35      25001 Clerk   V334
       300 Bindu              35      25001 Dev     AV
       400 Bindu              35      25001 Dev     AVW
       500 Abi                35      25001 Dev     VWD14
       600 Suresh             35      25001 Dev     VqD14
       700 Pravin             35      25001 Clerk   W334

6 rows selected.

SQL> delete from system.emp where id = 300;

1 row deleted.

SQL> update system.emp set name='Charan' where id=500;
update system.emp set name='Charan' where id=500
              *
ERROR at line 1:
ORA-01031: insufficient privileges


SQL> connect system/tiger;
Connected.
SQL> grant update  on emp to suresh;

Grant succeeded.

SQL> connect suresh/tiger;
Connected.
SQL> select * from system.emp;

        ID NAME              AGE     SALARY DESIG   PAN
---------- ---------- ---------- ---------- ------- ------
       900 Abi                35      25001 Clerk   V334
       400 Bindu              35      25001 Dev     AVW
       500 Abi                35      25001 Dev     VWD14
       600 Suresh             35      25001 Dev     VqD14
       700 Pravin             35      25001 Clerk   W334

SQL> delete from system.emp where id = 900;

1 row deleted.

SQL> update system.emp set name='Charan' where id=500;

1 row updated.

SQL> select * from system.emp;

        ID NAME              AGE     SALARY DESIG   PAN
---------- ---------- ---------- ---------- ------- ------
       400 Bindu              35      25001 Dev     AVW
       500 Charan             35      25001 Dev     VWD14
       600 Suresh             35      25001 Dev     VqD14
       700 Pravin             35      25001 Clerk   W334

SQL> connect system/tiger;
Connected.
SQL> grant all privileges to suresh;

Grant succeeded.

SQL> connect system/tiger;
Connected.
SQL> select * from system.emp;

        ID NAME              AGE     SALARY DESIG   PAN
---------- ---------- ---------- ---------- ------- ------
       400 Bindu              35      25001 Dev     AVW
       500 Charan             35      25001 Dev     VWD14
       600 Suresh             35      25001 Dev     VqD14
       700 Pravin             35      25001 Clerk   W334

SQL> update system.emp set name='Charan' where id=500;

1 row updated.

SQL> connect system/tiger;
Connected.
SQL>  revoke all privileges from suresh;

Revoke succeeded.

SQL> connect suresh/tiger;
ERROR:
ORA-01045: user SURESH lacks CREATE SESSION privilege; logon denied


Warning: You are no longer connected to ORACLE.
SQL> connect system/tiger;
Connected.
SQL>

















		Types of SQL : 

DDL : Data Defination lang 
 
	Drop
	Rename
	Create
	Alter
	Truncate
DML : Data Manupulation lang 
 	U : update 
	I  : Insert 
	D : Delete 

DRL  : Data Retrival lang 
	Select 

 
TCL : trancation contorl lang 
	Commit 
	Rollback 
	
DCL : Data Control lang 
	Grant 
	Revoke 

User : 
 create user suresh identified by tiger;




view :
	create view emp_view as select id, name , desig from emp;
	select * from  emp_view;


Constrients
	primary key : Only dif dif id  
	not null    : we must have to enter the data 
	Check       : it ther check the condation 
	Unique       : diff diff values 
	Default      : if i not enter any values default will take 
	Forign key   : relater other table 





create table emp 
(
	id number(5) primary key,
	name varchar(10) not null,
	Age number(3) check (age < 60),
	salary number(8) check (salary > 25000),
	Desig varchar(7) default 'GET',
	PAN varchar(6) unique
)

se

insert into  emp(id,name,age,salary,pan) values('22','Abi',35,25001,'VVD4');





